CID,FirstName,SecondName,ThirdName,LastName,Nationality,DOB,Governorate,Area,Block,Street,Building,Gender
229897660,Ali,Abdullatif,Hussien,Safar,Kuwaiti,22/3/1983,Mubarak Al -Kabeer,Adan,3,23,10,Male
229897661,Mohammad,Nasser,Ahamd,Salem,Kuwaiti,19/5/1984,Hawally,Rumithiya,1,45,4,Male
229897662,Abdulla,Hussien,Khaled,Yousef,Kuwaiti,21/12/1985,Mubarak Al -Kabeer,Sabah Al Salem,4,67,10,Male
229897663,Mariam,Hassan,Fawaz,Ibrahim,Kuwaiti,11/1/1986,Assimah,Mansouriya,12,1,5,Female
229897664,Ali,Yasser,Nasser,Alaa,Kuwaiti,17/4/1987,Farwaniya,Khyitan,5,15,12,Male
229897665,Ibrahim,Dawood,Salman,Ayoub,Kuwaiti,13/9/1988,Assimah,Jabriya,6,56,7,Male
229897666,Nour,Abdulaziz,Saad,Ahamd,Kuwaiti,5/6/1989,Hawally,Salwa,3,798,4,Female
229897667,Abrar,Anwar,Abdulwahab,Salem,Kuwaiti,7/7/1990,Assimah,Fayhaa,2,11,8,Female
229897668,Younes,Moustafa,Hashem,Jawad,Kuwaiti,2/3/1991,Ahmady,Sabah Al Ahmad,7,3,11,Male
